<?xml version="1.0" encoding="UTF-8"?>
<beans xmlns="http://www.springframework.org/schema/beans"
	xmlns:xsi="http://www.w3.org/2001/XMLSchema-instance"
	xmlns:mybatis-spring="http://mybatis.org/schema/mybatis-spring"
	xsi:schemaLocation="http://mybatis.org/schema/mybatis-spring http://mybatis.org/schema/mybatis-spring-1.2.xsd
	http://www.springframework.org/schema/beans 
	https://www.springframework.org/schema/beans/spring-beans.xsd">
	
	<!-- jdbc, db관련 빈 등록하고 관리하는 설정파일 -->
	
	<!-- 히카리 커낵션 풀 빈 등록 -->
	<bean id="hikariConfig" class="com.zaxxer.hikari.HikariConfig">
		<property name="driverClassName" value="oracle.jdbc.driver.OracleDriver"></property>
		<property name="jdbcUrl" value="jdbc:oracle:thin:@localhost:1521:xe"></property>
		<property name="username" value="spring"></property>
		<property name="password" value="spring"></property>
	</bean>
	
	<!-- 히카리 데이터소스 빈 등록 -->
	<bean id="ds" class="com.zaxxer.hikari.HikariDataSource">
		<constructor-arg ref="hikariConfig"/>
	</bean>
	
	<!-- spring jdbc를 사용하기 위한 핵심 객체 JdbcTemplate 클래스 빈 등록 -->
	<bean id="jdbcTemplate" class="org.springframework.jdbc.core.JdbcTemplate">
		<property name="dataSource" ref="ds"/>
	</bean>	
	
	<!-- mybatis sql동작을 위한 핵심 객체 SqlSessionFactory 클래스 빈 등록 -->
	<!-- sqlSessionFactory는 xml파일을 클래스로 변환하고 sql문 실행 -->
	<bean id="sqlSessionFactory" class="org.mybatis.spring.SqlSessionFactoryBean">
		<property name="dataSource" ref="ds"/>
		<!-- dao를 대신하는 xml파일의 위치를 SqlSessionFactory가 알기 위함 -->
		<!-- classpath: src/main/resources 지목 -->
		<!-- 와일드 카드 맵핑: **/*Mapper.xml -> 어떤 폴더에 Mapper.xml로 끝나는 파일 -->
		<property name="mapperLocations" value="classpath:/mappers/**/*Mapper.xml"/>
	</bean>
	
	<!-- mybatis xml파일을 빈으로 등록하기 위한 스캔 설정 -->
	<!-- sqlSessionFactory가 xml을 클래스로 변환할것이고 이를 빈으로 등록해라 -->
	<!-- base-package에는 등록할 빈의 타입을 지정 -> xml이 구현할 인터페이스 패키지경로 -->
	<mybatis-spring:scan base-package="com.spring.db.mybatis.score.repository"/>
	<mybatis-spring:scan base-package="com.spring.db.jdbc.board.repository"/>
</beans>
