<?xml version="1.0" encoding="UTF-8"?>
<!DOCTYPE mapper PUBLIC "-//mybatis.org//DTD Mapper 3.0//EN"
    "http://mybatis.org/dtd/mybatis-3-mapper.dtd">
    
<mapper namespace="com.spring.db.jdbc.board.repository.IBoardMapper">
	<resultMap type="com.spring.db.jdbc.board.model.BoardVO" id="boardMap">
		<id property="board_num" column="board_num"/>
		<result property="writer" column="writer"/>
		<result property="title" column="title"/>
		<result property="content" column="content"/>
	</resultMap>

	<!-- 게시글 등록 -->
	<insert id="insertArticle">
		insert into board values(bid_seq.nextval,#{writer},#{title},#{content})
	</insert>
	
	<!-- 게시글 목록 조회 -->
	<select id="getArticles" resultMap="boardMap">
		select * from board order by board_num desc
	</select>
	
	<!-- 게시글 상세 조회 -->
	<select id="getArticle" resultMap="boardMap">
		select * from board where board_num = #{board_num}
	</select>
	
	<!-- 게시글 수정 -->
	<update id="updateArticle">
		update board set writer = #{writer}, title = #{title}, content = #{content} where board_num = #{board_num}
	</update>
	
	<!-- 게시글 삭제 -->
	<delete id="deleteArticle">
		delete from board where board_num = #{board_num}
	</delete>
	
	<!-- 키워드로 게시글 검색 -->
	<select id="getArticlesByKeyword" resultMap="boardMap">
		select * from board where writer like #{keyword} order by board_num desc
	</select>
</mapper>